DATE,PRE,TEMP EXT,TEMP_CULTURE,PAR_LIGHT,PH,DO,OD,DRY,CELL
27/03/2024 13:12,118.75,20.7,27,12.5,8.8,23.57,0.55,0.191455,2.81E+08
27/03/2024 13:22,118.75,20.7,27.4,12.5,8.83,23.57,0.58,0.201898,2.97E+08
27/03/2024 13:32,118.75,20.7,27.8,12.5,7.19,23.35,0.62,0.215822,3.17E+08
27/03/2024 13:42,118.75,20.7,28.1,12.5,7.01,23.87,0.64,0.222784,3.27E+08
27/03/2024 13:52,118.75,20.7,27.9,12.5,7.2,23.96,0.66,0.229746,3.37E+08
27/03/2024 14:02,118.75,20.9,27.9,12.5,7.38,23.96,0.71,0.247151,3.63E+08
27/03/2024 14:12,118.75,21,27.9,12.5,7.02,24.09,0.72,0.250632,3.68E+08
27/03/2024 14:22,118.75,20.9,28.1,12.5,7.24,24.14,0.74,0.257594,3.78E+08
27/03/2024 14:32,118.75,20.9,27.9,12.5,6.85,24.18,0.75,0.261075,3.83E+08
27/03/2024 14:42,118.75,20.8,27.9,12.5,7.14,24.44,0.75,0.261075,3.83E+08
27/03/2024 14:52,118.75,21,28.1,12.5,7.35,24.57,0.74,0.257594,3.78E+08
27/03/2024 15:02,118.75,21.1,27.9,12.5,7.04,24.66,0.73,0.254113,3.73E+08
27/03/2024 15:12,118.75,21,27.9,12.5,7.3,24.96,0.71,0.247151,3.63E+08
27/03/2024 15:22,118.75,20.9,28,12.5,7.04,25.01,0.71,0.247151,3.63E+08
27/03/2024 15:32,118.75,21,27.9,12.5,7.26,25.14,0.68,0.236708,3.48E+08
27/03/2024 15:42,118.75,21.2,28,12.5,7,25.27,0.71,0.247151,3.63E+08
27/03/2024 15:52,118.75,21.1,28,12.5,7.24,25.31,0.71,0.247151,3.63E+08
27/03/2024 16:02,118.75,21.1,27.9,12.5,6.26,24.87,0.7,0.24367,3.58E+08
27/03/2024 16:12,118.75,21,27.9,12.5,6.48,25.4,0.72,0.250632,3.68E+08
27/03/2024 16:22,118.75,21.1,28.1,12.5,6.76,25.61,0.71,0.247151,3.63E+08
27/03/2024 16:32,118.75,21.2,28,12.5,6.99,25.66,0.71,0.247151,3.63E+08
27/03/2024 16:42,118.75,21.3,27.9,12.5,7.27,25.66,0.7,0.24367,3.58E+08
27/03/2024 16:52,118.75,21.1,28,12.5,6.99,25.53,0.7,0.24367,3.58E+08
27/03/2024 17:02,118.75,21.1,28,12.5,7.23,25.57,0.72,0.250632,3.68E+08
27/03/2024 17:12,118.75,21.2,27.9,12.5,7.05,25.57,0.7,0.24367,3.58E+08
27/03/2024 17:22,118.75,21.2,28,12.5,7.24,25.83,0.71,0.247151,3.63E+08
27/03/2024 17:32,118.75,21.2,28,12.5,6.99,25.79,0.71,0.247151,3.63E+08
27/03/2024 17:42,118.75,21.1,27.9,12.5,7.28,25.88,0.71,0.247151,3.63E+08
27/03/2024 17:52,118.75,21.1,28.1,12.5,7.08,25.92,0.72,0.250632,3.68E+08
27/03/2024 18:02,118.75,21.1,28,12.5,7.3,25.79,0.72,0.250632,3.68E+08
27/03/2024 18:12,118.75,21.2,27.9,12.5,7.07,25.79,0.72,0.250632,3.68E+08
27/03/2024 18:22,118.75,21.2,27.9,10,7.34,25.61,0.7,0.24367,3.58E+08
27/03/2024 18:32,118.75,21.2,28.1,10,7.11,25.57,0.71,0.247151,3.63E+08
27/03/2024 18:42,118.75,21.1,27.9,7.5,7.33,25.35,0.68,0.236708,3.48E+08
27/03/2024 18:52,118.75,21.1,28.2,7.5,7.09,25.05,0.7,0.24367,3.58E+08
27/03/2024 19:02,118.75,21.1,28.1,5,7.29,24.7,0.67,0.233227,3.43E+08
27/03/2024 19:12,118.75,21.1,27.9,5,7,24.31,0.7,0.24367,3.58E+08
27/03/2024 19:22,118.75,21,28,2.5,7.2,24.14,0.69,0.240189,3.53E+08
27/03/2024 19:32,118.75,21,28.1,2.5,7.36,23.66,0.69,0.240189,3.53E+08
27/03/2024 19:42,118.75,21,28,0,7.06,23.22,0.66,0.229746,3.37E+08
27/03/2024 19:52,118.75,21,27.9,0,7.21,22.7,0.64,0.222784,3.27E+08
27/03/2024 20:02,117.19,21,28.1,0,7.28,21.79,0.64,0.222784,3.27E+08
27/03/2024 20:12,117.19,21,27.9,0,7.37,21.53,0.63,0.219303,3.22E+08
27/03/2024 20:22,118.75,20.9,28.1,0,7.02,21.35,0.6,0.20886,3.07E+08
27/03/2024 20:32,117.19,20.9,27.9,0,7.14,21.31,0.61,0.212341,3.12E+08
27/03/2024 20:42,117.19,20.9,27.9,0,7.25,21.35,0.59,0.205379,3.02E+08
27/03/2024 20:52,117.19,20.8,28,0,7.34,21.4,0.61,0.212341,3.12E+08
27/03/2024 21:02,117.19,20.8,27.9,0,7.4,21.27,0.62,0.215822,3.17E+08
27/03/2024 21:12,117.19,20.8,27.8,0,7.06,21.22,0.61,0.212341,3.12E+08
27/03/2024 21:22,117.19,20.8,27.9,0,7.2,21.31,0.59,0.205379,3.02E+08
27/03/2024 21:32,117.19,20.7,28.1,0,7.3,21.27,0.61,0.212341,3.12E+08
27/03/2024 21:42,117.19,20.7,27.9,0,7.37,21.35,0.6,0.20886,3.07E+08
27/03/2024 21:52,117.19,20.6,27.8,0,7.03,21.27,0.58,0.201898,2.97E+08
27/03/2024 22:02,117.19,20.6,28.1,0,7.15,21.27,0.58,0.201898,2.97E+08
27/03/2024 22:12,117.19,20.5,27.9,0,7.27,21.31,0.57,0.198417,2.91E+08
27/03/2024 22:22,117.19,20.5,27.9,0,7.36,21.4,0.58,0.201898,2.97E+08
27/03/2024 22:32,117.19,20.5,28,0,7.05,21.27,0.55,0.191455,2.81E+08
27/03/2024 22:42,117.19,20.5,27.9,0,7.13,21.35,0.56,0.194936,2.86E+08
27/03/2024 22:52,117.19,20.5,28.1,0,7.26,21.35,0.57,0.198417,2.91E+08
27/03/2024 23:02,117.19,20.5,28.1,0,7.35,21.4,0.55,0.191455,2.81E+08
27/03/2024 23:12,117.19,20.5,27.8,0,6.99,21.27,0.56,0.194936,2.86E+08
27/03/2024 23:22,117.19,20.6,28,0,7.15,21.44,0.56,0.194936,2.86E+08
27/03/2024 23:32,117.19,20.5,28.1,0,7.27,21.35,0.58,0.201898,2.97E+08
27/03/2024 23:42,117.19,20.5,27.8,0,7.36,21.35,0.57,0.198417,2.91E+08
27/03/2024 23:52,117.19,20.4,27.9,0,7.06,21.4,0.55,0.191455,2.81E+08
28/03/2024 00:02,117.19,20.4,28,0,7.17,21.31,0.55,0.191455,2.81E+08
28/03/2024 00:12,117.19,20.4,27.8,0,7.29,21.44,0.54,0.187974,2.76E+08
28/03/2024 00:22,117.19,20.3,28,0,7.38,21.44,0.52,0.181012,2.66E+08
28/03/2024 00:32,117.19,20.2,28,0,7.08,21.27,0.57,0.198417,2.91E+08
28/03/2024 00:42,117.19,20.2,27.8,0,7.19,21.31,0.54,0.187974,2.76E+08
28/03/2024 00:52,117.19,20.2,27.8,0,7.3,21.4,0.52,0.181012,2.66E+08
28/03/2024 01:02,117.19,20.1,28.1,0,7.06,21.18,0.51,0.177531,2.61E+08
28/03/2024 01:12,117.19,20.2,27.8,0,7.11,21.31,0.5,0.17405,2.56E+08
28/03/2024 01:22,117.19,20.3,28,0,7.24,21.4,0.5,0.17405,2.56E+08
28/03/2024 01:32,117.19,20.3,28,0,7.36,21.31,0.5,0.17405,2.56E+08
28/03/2024 01:42,117.19,20.2,27.8,0,7.01,21.18,0.53,0.184493,2.71E+08
28/03/2024 01:52,117.19,20.2,27.9,0,7.19,21.27,0.54,0.187974,2.76E+08
28/03/2024 02:02,117.19,20.2,28.1,0,7.31,21.18,0.54,0.187974,2.76E+08
28/03/2024 02:12,118.75,20.1,27.8,0,7.4,21.22,0.55,0.191455,2.81E+08
28/03/2024 02:22,118.75,20.1,28,0,7.13,21.22,0.57,0.198417,2.91E+08
28/03/2024 02:32,118.75,20.2,28.1,0,7.25,21.31,0.56,0.194936,2.86E+08
28/03/2024 02:42,118.75,20.2,28,0,7.35,21.4,0.54,0.187974,2.76E+08
28/03/2024 02:52,118.75,20.2,27.7,0,7.06,21.35,0.53,0.184493,2.71E+08
28/03/2024 03:02,117.19,20.1,28,0,7.21,21.44,0.52,0.181012,2.66E+08
28/03/2024 03:12,117.19,20.1,27.9,0,7.32,21.48,0.52,0.181012,2.66E+08
28/03/2024 03:22,117.19,20.1,27.9,0,6.96,21.53,0.52,0.181012,2.66E+08
28/03/2024 03:32,117.19,20,28.1,0,7.17,21.53,0.52,0.181012,2.66E+08
28/03/2024 03:42,117.19,20.2,28,0,7.29,21.53,0.51,0.177531,2.61E+08
28/03/2024 03:52,117.19,20.1,27.9,0,7.24,21.53,0.51,0.177531,2.61E+08
28/03/2024 04:02,117.19,20,28.1,0,7.12,21.4,0.47,0.163607,2.40E+08
28/03/2024 04:12,117.19,19.9,27.7,0,7.25,21.48,0.48,0.167088,2.45E+08
28/03/2024 04:22,117.19,20.2,27.9,0,6.94,22.09,0.48,0.167088,2.45E+08
28/03/2024 04:32,117.19,20.3,28,2.5,7.16,22.61,0.5,0.17405,2.56E+08
28/03/2024 04:42,117.19,20.3,27.9,2.5,7.38,23.18,0.52,0.181012,2.66E+08
28/03/2024 04:52,117.19,20.3,28,5,7.15,23.66,0.5,0.17405,2.56E+08
28/03/2024 05:02,117.19,20.1,28.1,5,7.34,23.87,0.54,0.187974,2.76E+08
28/03/2024 05:12,117.19,20.3,27.9,7.5,7.15,24.4,0.54,0.187974,2.76E+08
28/03/2024 05:22,117.19,20.1,28,7.5,7.39,24.74,0.56,0.194936,2.86E+08
28/03/2024 05:32,118.75,20.2,28.1,10,7.2,25.01,0.57,0.198417,2.91E+08
28/03/2024 05:42,118.75,20.1,27.9,10,7,25.27,0.56,0.194936,2.86E+08
28/03/2024 05:52,118.75,20,28.1,12.5,7.3,25.66,0.59,0.205379,3.02E+08
28/03/2024 06:02,118.75,20.4,28,12.5,7.18,25.79,0.6,0.20886,3.07E+08
28/03/2024 06:12,118.75,20.3,27.8,12.5,7.31,26.09,0.61,0.212341,3.12E+08
28/03/2024 06:22,118.75,20.2,28.1,12.5,7.29,26.31,0.64,0.222784,3.27E+08
28/03/2024 06:32,118.75,20.2,28,12.5,7.12,26.31,0.67,0.233227,3.43E+08
28/03/2024 06:42,117.19,20.2,27.8,12.5,7.13,26.4,0.67,0.233227,3.43E+08
28/03/2024 06:52,118.75,20.3,28,12.5,7.32,26.57,0.65,0.226265,3.32E+08
28/03/2024 07:02,118.75,20.4,27.9,12.5,7.2,26.44,0.67,0.233227,3.43E+08
28/03/2024 07:12,117.19,20.3,27.9,12.5,7.13,26.57,0.64,0.222784,3.27E+08
28/03/2024 07:22,118.75,20.3,28,12.5,7.37,26.83,0.67,0.233227,3.43E+08
28/03/2024 07:32,117.19,20.2,28,12.5,7.23,26.88,0.66,0.229746,3.37E+08
28/03/2024 07:42,118.75,20.1,28,12.5,7.17,27.01,0.66,0.229746,3.37E+08
28/03/2024 07:52,118.75,20.2,27.9,12.5,6.91,26.92,0.66,0.229746,3.37E+08
28/03/2024 08:02,118.75,20.2,28,12.5,7.32,26.96,0.67,0.233227,3.43E+08
28/03/2024 08:12,117.19,20.3,28,12.5,7.22,27.22,0.68,0.236708,3.48E+08
28/03/2024 08:22,118.75,20.3,28,12.5,7.18,27.27,0.71,0.247151,3.63E+08
28/03/2024 08:32,118.75,20.3,27.9,12.5,7.07,27.22,0.71,0.247151,3.63E+08
28/03/2024 08:42,118.75,20.3,27.9,12.5,7.32,27.48,0.69,0.240189,3.53E+08
28/03/2024 08:52,118.75,20.4,27.8,12.5,7.25,27.57,0.69,0.240189,3.53E+08
28/03/2024 09:02,118.75,20.3,28.1,12.5,7.12,27.48,0.68,0.236708,3.48E+08
28/03/2024 09:12,118.75,20.3,27.8,12.5,7.13,27.61,0.69,0.240189,3.53E+08
28/03/2024 09:22,117.19,20.3,27.9,12.5,7.35,27.88,0.7,0.24367,3.58E+08
28/03/2024 09:32,118.75,20.3,28.1,12.5,7.31,27.88,0.69,0.240189,3.53E+08
28/03/2024 09:42,118.75,20.4,28.1,12.5,7.26,27.96,0.7,0.24367,3.58E+08
28/03/2024 09:52,118.75,20.4,27.9,12.5,7.18,28.05,0.69,0.240189,3.53E+08
28/03/2024 10:02,118.75,20.4,28,12.5,6.45,27.61,0.7,0.24367,3.58E+08
28/03/2024 10:12,118.75,20.4,28,12.5,6.71,28.31,0.73,0.254113,3.73E+08
28/03/2024 10:22,118.75,20.3,28,12.5,7.03,28.57,0.74,0.257594,3.78E+08
28/03/2024 10:32,118.75,20.3,28,12.5,7.37,28.53,0.74,0.257594,3.78E+08
28/03/2024 10:42,117.19,20.4,28.1,12.5,7.35,28.57,0.73,0.254113,3.73E+08
28/03/2024 10:52,117.19,20.4,28,12.5,7.32,28.61,0.73,0.254113,3.73E+08
28/03/2024 11:02,118.75,20.5,28.2,12.5,7.26,28.57,0.73,0.254113,3.73E+08
28/03/2024 11:12,118.75,20.5,28,12.5,7.21,28.7,0.74,0.257594,3.78E+08
28/03/2024 11:22,118.75,20.6,27.9,12.5,7.15,28.83,0.75,0.261075,3.83E+08
28/03/2024 11:32,117.19,20.6,28,12.5,7.16,28.88,0.76,0.264556,3.89E+08
28/03/2024 11:42,117.19,20.7,28,12.5,7.2,28.83,0.77,0.268037,3.94E+08
28/03/2024 11:52,118.75,20.8,27.9,12.5,7.28,28.83,0.81,0.281961,4.14E+08
28/03/2024 12:02,118.75,20.9,27.9,12.5,7.4,28.96,0.79,0.274999,4.04E+08
28/03/2024 12:12,118.75,20.9,27.9,12.5,7.35,29.05,0.8,0.27848,4.09E+08
28/03/2024 12:22,118.75,20.9,28,12.5,7.32,29.14,0.82,0.285442,4.19E+08
28/03/2024 12:32,118.75,20.9,28.1,12.5,7.31,29.22,0.81,0.281961,4.14E+08
28/03/2024 12:42,118.75,21,28,12.5,7.3,29.22,0.8,0.27848,4.09E+08
28/03/2024 12:52,118.75,21,27.9,12.5,7.26,29.22,0.81,0.281961,4.14E+08
28/03/2024 13:02,118.75,21,28.1,12.5,7.28,29.09,0.83,0.288923,4.24E+08
28/03/2024 13:12,118.75,21,28,12.5,7.23,29.31,0.82,0.285442,4.19E+08
28/03/2024 13:22,118.75,21,28,12.5,7.24,29.4,0.82,0.285442,4.19E+08
28/03/2024 13:32,118.75,21,28,12.5,7.19,29.4,0.83,0.288923,4.24E+08
28/03/2024 13:42,118.75,21,27.9,12.5,7.18,29.48,0.84,0.292404,4.30E+08
28/03/2024 13:52,118.75,21,28.1,12.5,7.23,29.48,0.84,0.292404,4.30E+08
28/03/2024 14:02,117.19,21,28.1,12.5,6.87,28.83,0.84,0.292404,4.30E+08
28/03/2024 14:12,117.19,21,28,12.5,7.12,29.66,0.83,0.288923,4.24E+08
28/03/2024 14:22,117.19,21,27.9,12.5,7.13,29.83,0.83,0.288923,4.24E+08
28/03/2024 14:32,117.19,21,28,12.5,7.18,29.7,0.87,0.302847,4.45E+08
28/03/2024 14:42,117.19,21,27.9,12.5,7.23,29.7,0.88,0.306328,4.50E+08
28/03/2024 14:52,118.75,21,28,12.5,7.25,29.79,0.89,0.309809,4.55E+08
28/03/2024 15:02,118.75,21,28.1,12.5,7.26,29.4,0.87,0.302847,4.45E+08
28/03/2024 15:12,118.75,21,28,12.5,7.23,29.79,0.85,0.295885,4.35E+08
28/03/2024 15:22,118.75,21,27.9,12.5,7.28,29.79,0.83,0.288923,4.24E+08
28/03/2024 15:32,118.75,21,28,12.5,7.29,29.75,0.85,0.295885,4.35E+08
28/03/2024 15:42,118.75,21,28,12.5,7.3,29.83,0.87,0.302847,4.45E+08
28/03/2024 15:52,118.75,20.9,28,12.5,7.33,29.79,0.82,0.285442,4.19E+08
28/03/2024 16:02,118.75,20.9,28,12.5,7.36,29.57,0.86,0.299366,4.40E+08
28/03/2024 16:12,118.75,20.9,27.9,12.5,7.35,29.79,0.88,0.306328,4.50E+08
28/03/2024 16:22,118.75,20.9,27.9,12.5,7.37,29.83,0.89,0.309809,4.55E+08
28/03/2024 16:32,118.75,20.9,28.1,12.5,7.39,29.92,0.89,0.309809,4.55E+08
28/03/2024 16:42,117.19,20.9,28,12.5,7.35,29.83,0.88,0.306328,4.50E+08
28/03/2024 16:52,118.75,20.9,28,12.5,7.06,29.79,0.88,0.306328,4.50E+08
28/03/2024 17:02,118.75,20.8,28,12.5,7.32,29.48,0.88,0.306328,4.50E+08
28/03/2024 17:12,118.75,20.8,27.9,12.5,7.22,29.79,0.89,0.309809,4.55E+08
28/03/2024 17:22,118.75,20.9,28,12.5,7.14,29.88,0.89,0.309809,4.55E+08
28/03/2024 17:32,118.75,20.9,28,12.5,7.16,29.79,0.9,0.31329,4.60E+08
28/03/2024 17:42,118.75,20.9,27.8,12.5,7.2,29.75,0.91,0.316771,4.65E+08
28/03/2024 17:52,118.75,20.9,28,12.5,7.18,29.7,0.88,0.306328,4.50E+08
28/03/2024 18:02,118.75,20.8,28.1,12.5,7.26,29.61,0.88,0.306328,4.50E+08
28/03/2024 18:12,118.75,20.9,27.8,10,7.26,29.53,0.89,0.309809,4.55E+08
28/03/2024 18:22,118.75,20.9,28.1,10,7.27,29.27,0.92,0.320252,4.70E+08
28/03/2024 18:32,118.75,20.8,28,10,7.29,28.53,0.95,0.330695,4.86E+08
28/03/2024 18:42,118.75,20.8,27.9,7.5,7.24,27.96,0.97,0.337657,4.96E+08
28/03/2024 18:52,118.75,20.8,27.9,7.5,7.19,27.35,0.96,0.334176,4.91E+08
28/03/2024 19:02,118.75,20.8,28.1,5,6.52,26.35,0.92,0.320252,4.70E+08
28/03/2024 19:12,118.75,20.8,27.9,5,6.83,26.01,0.96,0.334176,4.91E+08
28/03/2024 19:22,117.19,20.7,28.1,2.5,7.15,25.57,1.02,0.355062,5.22E+08
28/03/2024 19:32,117.19,20.7,28.1,2.5,7.39,24.83,1.06,0.368986,5.42E+08
28/03/2024 19:42,117.19,20.7,27.9,0,7.31,24.09,1.1,0.38291,5.62E+08
28/03/2024 19:52,117.19,20.7,28,0,7.17,23.09,1.03,0.358543,5.27E+08
28/03/2024 20:02,117.19,20.6,28.1,0,7.32,21.53,0.96,0.334176,4.91E+08
28/03/2024 20:12,117.19,20.6,27.9,0,7.1,21.05,0.93,0.323733,4.76E+08
28/03/2024 20:22,117.19,20.5,28.1,0,7.32,20.96,0.92,0.320252,4.70E+08
28/03/2024 20:32,117.19,20.5,27.9,0,7.18,20.79,0.9,0.31329,4.60E+08
28/03/2024 20:42,117.19,20.5,27.9,0,7.32,20.92,0.88,0.306328,4.50E+08
28/03/2024 20:52,117.19,20.5,28,0,7.18,20.79,0.85,0.295885,4.35E+08
28/03/2024 21:02,117.19,20.5,28,0,7.32,20.83,0.87,0.302847,4.45E+08
28/03/2024 21:12,117.19,20.5,27.9,0,7.18,20.87,0.83,0.288923,4.24E+08
28/03/2024 21:22,117.19,20.4,28.1,0,7.33,20.96,0.87,0.302847,4.45E+08
28/03/2024 21:32,117.19,20.4,27.9,0,7.16,20.87,0.86,0.299366,4.40E+08
28/03/2024 21:42,117.19,20.4,27.9,0,7.34,21.09,0.87,0.302847,4.45E+08
28/03/2024 21:52,117.19,20.4,28.1,0,7.2,21.05,0.86,0.299366,4.40E+08
28/03/2024 22:02,117.19,20.4,28.1,0,7.34,21.05,0.83,0.288923,4.24E+08
28/03/2024 22:12,117.19,20.5,27.8,0,7.2,21.09,0.81,0.281961,4.14E+08
28/03/2024 22:22,117.19,20.4,28,0,7.36,21.18,0.82,0.285442,4.19E+08
28/03/2024 22:32,117.19,20.4,28.1,0,7.21,21.09,0.82,0.285442,4.19E+08
28/03/2024 22:42,117.19,20.3,27.8,0,7.37,21.13,0.82,0.285442,4.19E+08
28/03/2024 22:52,117.19,20.4,27.9,0,7.25,21.18,0.82,0.285442,4.19E+08
28/03/2024 23:02,117.19,20.4,28,0,7.4,21.18,0.79,0.274999,4.04E+08
28/03/2024 23:12,117.19,20.4,27.9,0,7.28,21.22,0.81,0.281961,4.14E+08
28/03/2024 23:22,117.19,20.4,27.9,0,7.07,21.27,0.78,0.271518,3.99E+08
28/03/2024 23:32,117.19,20.4,28.1,0,7.3,21.31,0.79,0.274999,4.04E+08
28/03/2024 23:42,117.19,20.4,27.9,0,7.17,21.18,0.8,0.27848,4.09E+08
28/03/2024 23:52,117.19,20.4,27.9,0,7.34,21.35,0.79,0.274999,4.04E+08
29/03/2024 00:02,117.19,20.4,28,0,7.2,21.27,0.8,0.27848,4.09E+08
29/03/2024 00:12,117.19,20.4,27.8,0,7.34,21.35,0.78,0.271518,3.99E+08
29/03/2024 00:22,117.19,20.4,27.8,0,7.21,21.35,0.8,0.27848,4.09E+08
29/03/2024 00:32,117.19,20.4,28,0,7.38,21.4,0.8,0.27848,4.09E+08
29/03/2024 00:42,117.19,20.4,28.1,0,7.24,21.35,0.81,0.281961,4.14E+08
29/03/2024 00:52,117.19,20.4,27.8,0,6.88,21.4,0.8,0.27848,4.09E+08
29/03/2024 01:02,117.19,20.4,27.9,0,7.28,21.35,0.79,0.274999,4.04E+08
29/03/2024 01:12,117.19,20.4,27.9,0,7.21,21.31,0.78,0.271518,3.99E+08
29/03/2024 01:22,117.19,20.4,28,0,7.29,21.44,0.76,0.264556,3.89E+08
29/03/2024 01:32,117.19,20.3,28.2,0,7.13,21.35,0.78,0.271518,3.99E+08
29/03/2024 01:42,117.19,20.3,27.9,0,7.32,21.4,0.77,0.268037,3.94E+08
29/03/2024 01:52,117.19,20.3,27.9,0,7.21,21.35,0.77,0.268037,3.94E+08
29/03/2024 02:02,117.19,20.4,28,0,7.35,21.4,0.75,0.261075,3.83E+08
29/03/2024 02:12,117.19,20.4,27.8,0,7.21,21.4,0.74,0.257594,3.78E+08
29/03/2024 02:22,117.19,20.3,28,0,7.38,21.53,0.73,0.254113,3.73E+08
29/03/2024 02:32,117.19,20.4,28.1,0,7.24,21.48,0.72,0.250632,3.68E+08
29/03/2024 02:42,117.19,20.4,28,0,7.29,21.35,0.71,0.247151,3.63E+08
29/03/2024 02:52,117.19,20.3,27.9,0,7.27,21.48,0.72,0.250632,3.68E+08
29/03/2024 03:02,117.19,20.3,28,0,6.5,21.09,0.72,0.250632,3.68E+08
29/03/2024 03:12,117.19,20.3,27.8,0,6.8,21.13,0.75,0.261075,3.83E+08
29/03/2024 03:22,117.19,20.2,28,0,7.06,21.31,0.79,0.274999,4.04E+08
29/03/2024 03:32,117.19,20.2,28.1,0,7.26,21.4,0.79,0.274999,4.04E+08
29/03/2024 03:42,117.19,20.2,27.9,0,7.03,21.4,0.81,0.281961,4.14E+08
29/03/2024 03:52,117.19,20.2,27.8,0,7.26,21.4,0.8,0.27848,4.09E+08
29/03/2024 04:02,117.19,20.1,28,0,6.68,21.31,0.79,0.274999,4.04E+08
29/03/2024 04:12,117.19,20.2,27.9,0,7.02,21.31,0.83,0.288923,4.24E+08
29/03/2024 04:22,117.19,20.2,27.9,0,7.24,22.4,0.85,0.295885,4.35E+08
29/03/2024 04:32,117.19,20.3,28.1,0,7.17,23.4,0.88,0.306328,4.50E+08
29/03/2024 04:42,117.19,20.3,27.9,2.5,7.42,24.4,0.84,0.292404,4.30E+08
29/03/2024 04:52,117.19,20.3,28,2.5,7.32,25.27,0.8,0.27848,4.09E+08
29/03/2024 05:02,117.19,20.3,28,5,7.33,25.96,0.8,0.27848,4.09E+08
29/03/2024 05:12,117.19,20.2,27.9,5,7.28,26.79,0.81,0.281961,4.14E+08
29/03/2024 05:22,117.19,20.2,28.1,7.5,7.29,27.57,0.8,0.27848,4.09E+08
29/03/2024 05:32,117.19,20.3,27.9,7.5,7.31,28.27,0.83,0.288923,4.24E+08
29/03/2024 05:42,117.19,20.1,28,10,7.33,29.01,0.82,0.285442,4.19E+08
29/03/2024 05:52,117.19,20.1,28.1,10,7.39,29.79,0.82,0.285442,4.19E+08
29/03/2024 06:02,117.19,20.1,27.9,12.5,7.12,30.35,0.84,0.292404,4.30E+08
29/03/2024 06:12,117.19,20.1,27.9,12.5,7.08,30.79,0.83,0.288923,4.24E+08
29/03/2024 06:22,117.19,20.1,28.1,12.5,7.28,31.01,0.86,0.299366,4.40E+08
29/03/2024 06:32,117.19,20.1,27.9,12.5,7.3,31.09,0.85,0.295885,4.35E+08
29/03/2024 06:42,117.19,20.1,27.9,12.5,7.36,31.22,0.88,0.306328,4.50E+08
29/03/2024 06:52,117.19,20.1,27.9,12.5,6.91,31.27,0.89,0.309809,4.55E+08
29/03/2024 07:02,117.19,20.1,28,12.5,6.79,31.01,0.89,0.309809,4.55E+08
29/03/2024 07:12,117.19,20.2,27.9,12.5,7.31,31.35,0.9,0.31329,4.60E+08
29/03/2024 07:22,117.19,20.2,28,12.5,7.4,31.53,0.94,0.327214,4.81E+08
29/03/2024 07:32,117.19,20.2,28,12.5,7.03,31.44,0.95,0.330695,4.86E+08
29/03/2024 07:42,117.19,20.3,28,12.5,7.28,31.48,0.95,0.330695,4.86E+08
29/03/2024 07:52,117.19,20.3,27.9,12.5,7.31,31.57,0.95,0.330695,4.86E+08
29/03/2024 08:02,117.19,20.3,28,12.5,7.36,31.53,0.96,0.334176,4.91E+08
29/03/2024 08:12,117.19,20.3,28,12.5,7.3,31.57,0.98,0.341138,5.01E+08
29/03/2024 08:22,117.19,20.3,28,12.5,7.16,31.62,0.95,0.330695,4.86E+08
29/03/2024 08:32,117.19,20.3,28,12.5,7.29,31.7,0.96,0.334176,4.91E+08
29/03/2024 08:42,117.19,20.3,27.9,12.5,7.34,31.88,0.95,0.330695,4.86E+08
29/03/2024 08:52,117.19,20.3,28.1,12.5,7.34,31.83,0.93,0.323733,4.76E+08
29/03/2024 09:02,117.19,20.3,28,12.5,6.53,31.22,0.95,0.330695,4.86E+08
29/03/2024 09:12,117.19,20.3,28,12.5,6.9,31.62,0.95,0.330695,4.86E+08
29/03/2024 09:22,117.19,20.3,28,12.5,7.26,32.01,0.94,0.327214,4.81E+08
29/03/2024 09:32,117.19,20.3,28.1,12.5,7.4,32.01,0.97,0.337657,4.96E+08
29/03/2024 09:42,117.19,20.3,27.8,12.5,7.25,31.92,0.97,0.337657,4.96E+08
29/03/2024 09:52,117.19,20.4,27.9,12.5,7.27,32.01,0.98,0.341138,5.01E+08
29/03/2024 10:02,117.19,20.5,28,12.5,7.37,32.01,1.02,0.355062,5.22E+08
29/03/2024 10:12,117.19,20.6,28,12.5,7.15,32.05,1.03,0.358543,5.27E+08
29/03/2024 10:22,117.19,20.6,28,12.5,7.3,32.09,1.04,0.362024,5.32E+08
29/03/2024 10:32,117.19,20.6,27.9,12.5,7.37,32.14,1.03,0.358543,5.27E+08
29/03/2024 10:42,117.19,20.6,28,12.5,7.09,32.27,1.02,0.355062,5.22E+08
29/03/2024 10:52,117.19,20.6,28,12.5,7.29,32.18,1.02,0.355062,5.22E+08
29/03/2024 11:02,117.19,20.6,28,12.5,7.36,32.22,1.03,0.358543,5.27E+08
29/03/2024 11:12,118.75,20.6,28,12.5,7.19,32.14,1.05,0.365505,5.37E+08
29/03/2024 11:22,117.19,20.6,28,12.5,7.33,32.31,1.06,0.368986,5.42E+08
29/03/2024 11:32,117.19,20.7,28,12.5,7.37,32.31,1.05,0.365505,5.37E+08
29/03/2024 11:42,118.75,20.7,27.9,12.5,7.27,32.31,1.04,0.362024,5.32E+08
29/03/2024 11:52,117.19,20.8,27.9,12.5,7.35,32.31,1.01,0.351581,5.16E+08
29/03/2024 12:02,117.19,20.8,28,12.5,7.04,32.01,1,0.3481,5.11E+08
29/03/2024 12:12,117.19,20.9,28,12.5,7.3,32.09,1.02,0.355062,5.22E+08
29/03/2024 12:22,118.75,20.9,28,12.5,7.33,32.14,1.01,0.351581,5.16E+08
29/03/2024 12:32,117.19,21,27.8,12.5,7.33,32.01,1.04,0.362024,5.32E+08
29/03/2024 12:42,118.75,21,28.2,12.5,7.29,32.01,1.02,0.355062,5.22E+08
29/03/2024 12:52,117.19,21,28,12.5,7.35,31.96,1.01,0.351581,5.16E+08
29/03/2024 13:02,117.19,21,28,12.5,7.25,31.75,1.03,0.358543,5.27E+08
29/03/2024 13:12,118.75,21,28,12.5,7.26,31.88,1.02,0.355062,5.22E+08
29/03/2024 13:22,117.19,21,28,12.5,7.39,31.88,1.01,0.351581,5.16E+08
29/03/2024 13:32,117.19,21,27.9,12.5,7.31,31.79,1.01,0.351581,5.16E+08
29/03/2024 13:42,117.19,21,28.1,12.5,7.31,31.7,0.95,0.330695,4.86E+08
29/03/2024 13:52,117.19,21,28,12.5,7.32,31.7,0.95,0.330695,4.86E+08
29/03/2024 14:02,118.75,21,27.9,12.5,6.61,31.14,0.94,0.327214,4.81E+08
29/03/2024 14:12,117.19,21,28,12.5,6.97,31.75,0.97,0.337657,4.96E+08
29/03/2024 14:22,117.19,21,27.9,12.5,7.29,31.88,0.99,0.344619,5.06E+08
29/03/2024 14:32,117.19,21,27.9,12.5,7.26,31.79,1,0.3481,5.11E+08
29/03/2024 14:42,117.19,21,27.9,12.5,7.4,31.7,1,0.3481,5.11E+08
29/03/2024 14:52,117.19,21.1,28,12.5,7.21,31.62,1,0.3481,5.11E+08
29/03/2024 15:02,117.19,21,28,12.5,7.29,31.48,0.98,0.341138,5.01E+08
29/03/2024 15:12,117.19,21.1,27.9,12.5,6.98,31.62,0.98,0.341138,5.01E+08
29/03/2024 15:22,117.19,21.1,28,12.5,7.31,31.62,0.99,0.344619,5.06E+08
29/03/2024 15:32,117.19,21.1,28.1,12.5,7.36,31.75,0.97,0.337657,4.96E+08
29/03/2024 15:42,117.19,21,28,12.5,7.22,31.57,0.99,0.344619,5.06E+08
29/03/2024 15:52,117.19,21,28.1,12.5,7.37,31.53,0.98,0.341138,5.01E+08
29/03/2024 16:02,117.19,21,28.2,12.5,7.31,31.22,0.97,0.337657,4.96E+08
29/03/2024 16:12,117.19,21,28,12.5,7.29,31.48,0.98,0.341138,5.01E+08
29/03/2024 16:22,117.19,20.9,28,12.5,7.4,31.62,0.99,0.344619,5.06E+08
29/03/2024 16:32,117.19,20.9,27.9,12.5,7.19,31.44,0.98,0.341138,5.01E+08
29/03/2024 16:42,117.19,20.9,28,12.5,7.38,31.53,1,0.3481,5.11E+08
29/03/2024 16:52,117.19,20.9,27.9,12.5,7.23,31.35,0.97,0.337657,4.96E+08
29/03/2024 17:02,117.19,20.9,28.1,12.5,7.31,31.35,1,0.3481,5.11E+08
29/03/2024 17:12,117.19,20.9,28,12.5,7.25,31.4,1,0.3481,5.11E+08
29/03/2024 17:22,117.19,20.9,27.9,12.5,7.31,31.31,1,0.3481,5.11E+08
29/03/2024 17:32,117.19,20.9,28,12.5,7.01,31.44,1.07,0.372467,5.47E+08
29/03/2024 17:42,117.19,20.8,28,12.5,7.29,31.35,1.07,0.372467,5.47E+08
29/03/2024 17:52,117.19,20.8,28,12.5,7.39,31.31,1.09,0.379429,5.57E+08
29/03/2024 18:02,117.19,20.8,28,12.5,6.87,31.01,1.07,0.372467,5.47E+08
29/03/2024 18:12,117.19,20.8,28,10,7.21,31.18,1.07,0.372467,5.47E+08
29/03/2024 18:22,117.19,20.8,28,10,7.38,30.75,1.1,0.38291,5.62E+08
29/03/2024 18:32,117.19,20.8,28,7.5,7.22,29.92,1.1,0.38291,5.62E+08
29/03/2024 18:42,117.19,20.8,27.9,7.5,7.29,29.27,1.1,0.38291,5.62E+08
29/03/2024 18:52,117.19,20.7,28.1,5,7.3,28.57,1.13,0.393353,5.78E+08
29/03/2024 19:02,117.19,20.7,28,5,7.33,27.75,1.1,0.38291,5.62E+08
29/03/2024 19:12,117.19,20.7,28,2.5,7.36,27.14,1.1,0.38291,5.62E+08
29/03/2024 19:22,117.19,20.7,28,2.5,7.39,26.31,1.06,0.368986,5.42E+08
29/03/2024 19:32,117.19,20.8,28.1,2.5,7.37,25.48,1.05,0.365505,5.37E+08
29/03/2024 19:42,117.19,20.8,27.9,0,7.38,24.66,1.03,0.358543,5.27E+08
29/03/2024 19:52,117.19,20.8,28,0,7.32,23.48,1.04,0.362024,5.32E+08
29/03/2024 20:02,117.19,20.8,28.1,0,7.25,21.74,1.03,0.358543,5.27E+08
29/03/2024 20:12,117.19,20.8,28,0,7.22,21.27,1.05,0.365505,5.37E+08
29/03/2024 20:22,117.19,20.8,27.9,0,7.41,21.13,1.03,0.358543,5.27E+08
29/03/2024 20:32,117.19,20.7,27.9,0,7.34,21.09,1,0.3481,5.11E+08
29/03/2024 20:42,117.19,20.7,28,0,7.28,20.96,1,0.3481,5.11E+08
29/03/2024 20:52,117.19,20.7,27.9,0,7.24,20.96,0.98,0.341138,5.01E+08
29/03/2024 21:02,117.19,20.6,28,0,7.4,20.96,0.99,0.344619,5.06E+08
29/03/2024 21:12,117.19,20.6,28.1,0,7.33,21.05,0.97,0.337657,4.96E+08
29/03/2024 21:22,117.19,20.7,27.8,0,7.29,20.96,0.96,0.334176,4.91E+08
29/03/2024 21:32,117.19,20.6,28.1,0,7.21,21,0.95,0.330695,4.86E+08
29/03/2024 21:42,117.19,20.6,27.9,0,7.16,21,0.93,0.323733,4.76E+08
29/03/2024 21:52,117.19,20.6,28,0,7.36,21.18,0.94,0.327214,4.81E+08
29/03/2024 22:02,117.19,20.5,28,0,7.31,21.13,0.92,0.320252,4.70E+08
29/03/2024 22:12,117.19,20.5,28.1,0,7.24,21.22,0.94,0.327214,4.81E+08
29/03/2024 22:22,117.19,20.4,27.9,0,7.28,21.18,0.92,0.320252,4.70E+08
29/03/2024 22:32,117.19,20.4,28.1,0,7.4,21.31,0.91,0.316771,4.65E+08
29/03/2024 22:42,117.19,20.4,27.8,0,7.35,21.27,0.91,0.316771,4.65E+08
29/03/2024 22:52,117.19,20.4,28,0,7.31,21.31,0.91,0.316771,4.65E+08
29/03/2024 23:02,117.19,20.4,28,0,7.26,21.18,0.89,0.309809,4.55E+08
29/03/2024 23:12,117.19,20.5,27.9,0,7.28,21.27,0.89,0.309809,4.55E+08
29/03/2024 23:22,117.19,20.5,28,0,7.4,21.4,0.88,0.306328,4.50E+08
29/03/2024 23:32,117.19,20.3,27.8,0,7.35,21.35,0.86,0.299366,4.40E+08
29/03/2024 23:42,117.19,20.4,28.2,0,7.29,21.35,0.86,0.299366,4.40E+08
29/03/2024 23:52,117.19,20.4,27.9,0,7.21,21.4,0.85,0.295885,4.35E+08
30/03/2024 00:02,117.19,20.4,28,0,7.31,21.27,0.83,0.288923,4.24E+08
30/03/2024 00:12,117.19,20.3,27.9,0,7.39,21.48,0.85,0.295885,4.35E+08
30/03/2024 00:22,117.19,20.2,27.9,0,7.33,21.4,0.87,0.302847,4.45E+08
30/03/2024 00:32,117.19,20.4,27.9,0,7.26,21.48,0.86,0.299366,4.40E+08
30/03/2024 00:42,117.19,20.4,28,0,7.27,21.4,0.84,0.292404,4.30E+08
30/03/2024 00:52,117.19,20.3,28,0,7.14,21.4,0.83,0.288923,4.24E+08
30/03/2024 01:02,117.19,20.6,28,0,7.4,21.4,0.8,0.27848,4.09E+08
30/03/2024 01:12,117.19,20.8,28.1,0,7.34,21.44,0.82,0.285442,4.19E+08
30/03/2024 01:22,117.19,20.6,27.9,0,7.32,21.44,0.81,0.281961,4.14E+08
30/03/2024 01:32,117.19,20.4,28,0,7.28,21.44,0.8,0.27848,4.09E+08
30/03/2024 01:42,117.19,20.5,27.9,0,7.25,21.44,0.76,0.264556,3.89E+08
30/03/2024 01:52,117.19,20.5,28,0,7.15,21.44,0.8,0.27848,4.09E+08
30/03/2024 02:02,117.19,20.5,28,0,7.4,21.44,0.76,0.264556,3.89E+08
30/03/2024 02:12,117.19,20.6,28,0,7.34,21.53,0.76,0.264556,3.89E+08
30/03/2024 02:22,117.19,20.7,27.9,0,7.32,21.48,0.78,0.271518,3.99E+08
30/03/2024 02:32,117.19,20.6,28,0,7.29,21.53,0.76,0.264556,3.89E+08
30/03/2024 02:42,115.63,20.5,27.8,0,7.25,21.4,0.75,0.261075,3.83E+08
30/03/2024 02:52,117.19,20.7,28.1,0,7.12,21.44,0.73,0.254113,3.73E+08
30/03/2024 03:02,117.19,20.5,28,0,7.4,21.53,0.73,0.254113,3.73E+08
30/03/2024 03:12,117.19,20.4,28,0,7.37,21.57,0.71,0.247151,3.63E+08
30/03/2024 03:22,117.19,20.7,27.9,0,7.33,21.44,0.73,0.254113,3.73E+08
30/03/2024 03:32,117.19,20.8,27.9,0,7.28,21.53,0.72,0.250632,3.68E+08
30/03/2024 03:42,117.19,20.6,27.9,0,7.29,21.44,0.72,0.250632,3.68E+08
30/03/2024 03:52,117.19,20.6,28,0,7.1,21.48,0.72,0.250632,3.68E+08
30/03/2024 04:02,117.19,20.4,27.9,0,7.14,21.48,0.72,0.250632,3.68E+08
30/03/2024 04:12,117.19,20.6,28.1,0,7.38,21.53,0.7,0.24367,3.58E+08
30/03/2024 04:22,117.19,20.5,27.8,0,7.35,22.57,0.71,0.247151,3.63E+08
30/03/2024 04:32,117.19,20.4,28.1,0,7.36,23.66,0.7,0.24367,3.58E+08
30/03/2024 04:42,117.19,20.3,27.9,2.5,7.36,24.66,0.71,0.247151,3.63E+08
30/03/2024 04:52,117.19,20.3,28,2.5,7.38,25.48,0.67,0.233227,3.43E+08
30/03/2024 05:02,117.19,20.5,28,5,7.26,26.22,0.7,0.24367,3.58E+08
30/03/2024 05:12,117.19,20.3,28,5,7.28,27.05,0.72,0.250632,3.68E+08
30/03/2024 05:22,117.19,20.2,28,7.5,7.29,27.88,0.72,0.250632,3.68E+08
30/03/2024 05:32,117.19,20.3,28,7.5,7.36,28.61,0.76,0.264556,3.89E+08
30/03/2024 05:42,117.19,19.8,27.9,10,7.1,29.31,0.72,0.250632,3.68E+08
30/03/2024 05:52,117.19,20.1,28,10,7.26,30.05,0.73,0.254113,3.73E+08
30/03/2024 06:02,117.19,20.2,27.9,12.5,7.36,30.66,0.74,0.257594,3.78E+08
30/03/2024 06:12,117.19,20.3,28,12.5,7.31,31.14,0.74,0.257594,3.78E+08
30/03/2024 06:22,117.19,20.2,28,12.5,7.32,31.31,0.78,0.271518,3.99E+08
30/03/2024 06:32,117.19,19.9,28.1,12.5,7.24,31.31,0.76,0.264556,3.89E+08
30/03/2024 06:42,117.19,20.3,27.9,12.5,7.27,31.53,0.77,0.268037,3.94E+08
30/03/2024 06:52,117.19,20.2,27.9,12.5,7.25,31.53,0.75,0.261075,3.83E+08
30/03/2024 07:02,117.19,20.2,28,12.5,6.64,31.01,0.77,0.268037,3.94E+08
30/03/2024 07:12,117.19,20.2,28,10,7.05,31.4,0.8,0.27848,4.09E+08
30/03/2024 07:22,117.19,20.3,28,12.5,7.33,31.57,0.79,0.274999,4.04E+08
30/03/2024 07:32,117.19,20.4,28.1,12.5,7.29,31.79,0.82,0.285442,4.19E+08
30/03/2024 07:42,117.19,20.3,27.9,12.5,7.26,31.79,0.85,0.295885,4.35E+08
30/03/2024 07:52,117.19,20.2,28,12.5,7.25,31.79,0.86,0.299366,4.40E+08
30/03/2024 08:02,117.19,20.2,28,10,7.37,31.83,0.86,0.299366,4.40E+08
30/03/2024 08:12,117.19,20.2,28,10,7.26,31.92,0.87,0.302847,4.45E+08
30/03/2024 08:22,117.19,20.2,27.9,12.5,7.36,31.96,0.89,0.309809,4.55E+08
30/03/2024 08:32,117.19,20,27.9,12.5,7.2,31.96,0.87,0.302847,4.45E+08
30/03/2024 08:42,117.19,20.2,28.1,12.5,7.33,32.09,0.89,0.309809,4.55E+08
30/03/2024 08:52,117.19,20.2,27.8,12.5,7.19,32.01,0.88,0.306328,4.50E+08
30/03/2024 09:02,117.19,20.1,28,12.5,7.32,32.05,0.88,0.306328,4.50E+08
30/03/2024 09:12,117.19,20.1,27.9,10,7.3,32.09,0.89,0.309809,4.55E+08
30/03/2024 09:22,117.19,20.2,27.9,10,7.32,32.18,0.92,0.320252,4.70E+08
30/03/2024 09:32,117.19,20.3,28,12.5,7.35,32.22,0.94,0.327214,4.81E+08
30/03/2024 09:42,117.19,20.3,28,10,7.34,32.31,0.97,0.337657,4.96E+08
30/03/2024 09:52,117.19,20.3,27.8,12.5,7.19,32.18,0.99,0.344619,5.06E+08
30/03/2024 10:02,117.19,20.3,28,10,7.34,32.27,0.98,0.341138,5.01E+08
30/03/2024 10:12,117.19,20.3,27.9,10,7.25,32.31,1.01,0.351581,5.16E+08
30/03/2024 10:22,117.19,20.3,28,10,7.35,32.4,1.03,0.358543,5.27E+08
30/03/2024 10:32,117.19,20.3,28,10,7.19,32.44,1.02,0.355062,5.22E+08
30/03/2024 10:42,117.19,20.4,28,12.5,7.35,32.4,1,0.3481,5.11E+08
30/03/2024 10:52,117.19,20.4,28,10,7.29,32.44,1.01,0.351581,5.16E+08
30/03/2024 11:02,117.19,20.4,28,10,7.37,32.49,1,0.3481,5.11E+08
30/03/2024 11:12,117.19,20.5,28,10,7.26,32.53,1.04,0.362024,5.32E+08
30/03/2024 11:22,117.19,20.6,27.9,12.5,7.34,32.62,1.1,0.38291,5.62E+08
30/03/2024 11:32,117.19,20.6,27.9,10,7.31,32.57,1.13,0.393353,5.78E+08
30/03/2024 11:42,117.19,20.6,27.9,10,7.34,32.53,1.12,0.389872,5.73E+08
30/03/2024 11:52,117.19,20.6,28,10,7.39,32.66,1.09,0.379429,5.57E+08
30/03/2024 12:02,117.19,20.6,28,10,6.72,31.92,1.13,0.393353,5.78E+08
30/03/2024 12:12,117.19,20.6,28,10,7.14,32.49,1.16,0.403796,5.93E+08
30/03/2024 12:22,117.19,20.6,28,10,7.33,32.53,1.19,0.414239,6.08E+08
30/03/2024 12:32,117.19,20.6,27.9,10,7.37,32.75,1.2,0.41772,6.14E+08
30/03/2024 12:42,117.19,20.5,27.9,10,7.24,32.7,1.2,0.41772,6.14E+08
30/03/2024 12:52,117.19,20.6,27.9,10,7.3,32.7,1.23,0.428163,6.29E+08
30/03/2024 13:02,117.19,20.5,28,10,7.37,32.66,1.25,0.435125,6.39E+08
30/03/2024 13:12,117.19,20.6,28,10,7.3,32.66,1.24,0.431644,6.34E+08
30/03/2024 13:22,117.19,20.6,27.9,12.5,7.12,32.88,1.27,0.442087,6.49E+08
30/03/2024 13:32,117.19,20.7,28,10,7.36,32.79,1.26,0.438606,6.44E+08
30/03/2024 13:42,117.19,20.7,27.9,10,7.24,32.79,1.26,0.438606,6.44E+08
30/03/2024 13:52,117.19,20.8,27.9,10,7.09,32.83,1.28,0.445568,6.54E+08
30/03/2024 14:02,117.19,20.9,28,10,7.38,32.66,1.29,0.449049,6.60E+08
30/03/2024 14:12,117.19,20.9,28,10,7.25,32.75,1.32,0.459492,6.75E+08
30/03/2024 14:22,117.19,21,28,10,7.07,32.79,1.35,0.469935,6.90E+08
30/03/2024 14:32,117.19,21,28,10,7.35,32.75,1.36,0.473416,6.95E+08
30/03/2024 14:42,117.19,21.1,28,12.5,7.25,32.79,1.35,0.469935,6.90E+08
30/03/2024 14:52,117.19,21.1,28,12.5,7.3,32.7,1.38,0.480378,7.06E+08
30/03/2024 15:02,117.19,21,28,12.5,7.36,32.57,1.35,0.469935,6.90E+08
30/03/2024 15:12,117.19,21,28,10,7.25,32.79,1.35,0.469935,6.90E+08
30/03/2024 15:22,117.19,21,27.9,12.5,7.36,32.66,1.33,0.462973,6.80E+08
30/03/2024 15:32,117.19,21,28.1,12.5,7.35,32.7,1.32,0.459492,6.75E+08
30/03/2024 15:42,117.19,21.1,28,12.5,7.28,32.75,1.27,0.442087,6.49E+08
30/03/2024 15:52,117.19,21.2,27.9,10,7.25,32.62,1.24,0.431644,6.34E+08
30/03/2024 16:02,117.19,21.3,28,12.5,7.39,32.53,1.25,0.435125,6.39E+08
30/03/2024 16:12,117.19,21.3,27.9,12.5,7.33,32.44,1.26,0.438606,6.44E+08
30/03/2024 16:22,117.19,21.3,28,12.5,7.18,32.49,1.28,0.445568,6.54E+08
30/03/2024 16:32,117.19,21.3,28.1,12.5,7.37,32.7,1.29,0.449049,6.60E+08
30/03/2024 16:42,117.19,21.2,28,12.5,7.29,32.57,1.3,0.45253,6.65E+08
30/03/2024 16:52,117.19,21.2,28,12.5,7.34,32.44,1.26,0.438606,6.44E+08
30/03/2024 17:02,118.75,21.2,28,12.5,7.09,32.31,1.24,0.431644,6.34E+08
30/03/2024 17:12,117.19,21.2,27.9,12.5,7.38,32.4,1.26,0.438606,6.44E+08
30/03/2024 17:22,117.19,21.2,28,12.5,7.25,32.44,1.24,0.431644,6.34E+08
30/03/2024 17:32,117.19,21.2,28.1,12.5,7.31,32.44,1.24,0.431644,6.34E+08
30/03/2024 17:42,117.19,21.2,27.9,12.5,7.35,32.4,1.24,0.431644,6.34E+08
30/03/2024 17:52,117.19,21.2,28,12.5,7.31,32.31,1.22,0.424682,6.24E+08
30/03/2024 18:02,117.19,21.2,28,12.5,7.09,32.31,1.23,0.428163,6.29E+08
30/03/2024 18:12,117.19,21.1,27.9,10,7.33,32.01,1.24,0.431644,6.34E+08
30/03/2024 18:22,117.19,21.1,27.9,10,7.19,31.4,1.26,0.438606,6.44E+08
30/03/2024 18:32,117.19,21.1,28,7.5,7.36,30.62,1.27,0.442087,6.49E+08
30/03/2024 18:42,117.19,21.1,28.1,7.5,7.33,29.83,1.28,0.445568,6.54E+08
30/03/2024 18:52,117.19,21.1,28,5,7.31,29.09,1.28,0.445568,6.54E+08
30/03/2024 19:02,117.19,21.1,28.1,5,7.29,28.14,1.26,0.438606,6.44E+08
30/03/2024 19:12,117.19,21,28.1,5,7.32,27.31,1.27,0.442087,6.49E+08
30/03/2024 19:22,117.19,21,28.1,2.5,7.28,26.53,1.27,0.442087,6.49E+08
30/03/2024 19:32,117.19,21,28.1,2.5,7.36,25.7,1.25,0.435125,6.39E+08
30/03/2024 19:42,117.19,21,28,0,7.37,24.79,1.24,0.431644,6.34E+08
30/03/2024 19:52,117.19,21,27.9,0,7.39,23.53,1.25,0.435125,6.39E+08
30/03/2024 20:02,117.19,21,28.1,0,7.37,21.74,1.21,0.421201,6.19E+08
30/03/2024 20:12,117.19,21,28,0,7.39,21.18,1.24,0.431644,6.34E+08
30/03/2024 20:22,117.19,21,27.9,0,7.38,20.96,1.25,0.435125,6.39E+08
30/03/2024 20:32,117.19,20.9,28.1,0,7.38,20.92,1.26,0.438606,6.44E+08
30/03/2024 20:42,117.19,20.9,27.9,0,7.36,20.92,1.31,0.456011,6.70E+08
30/03/2024 20:52,117.19,20.9,28.1,0,7.35,20.87,1.33,0.462973,6.80E+08
30/03/2024 21:02,117.19,20.8,28.1,0,7.36,20.79,1.35,0.469935,6.90E+08
30/03/2024 21:12,117.19,20.8,27.8,0,7.34,20.92,1.33,0.462973,6.80E+08
30/03/2024 21:22,117.19,20.8,28.1,0,7.36,20.96,1.32,0.459492,6.75E+08
30/03/2024 21:32,117.19,20.9,27.9,0,7.35,21,1.32,0.459492,6.75E+08
30/03/2024 21:42,117.19,20.8,27.9,0,7.35,21.05,1.29,0.449049,6.60E+08
30/03/2024 21:52,117.19,20.8,28.1,0,7.36,21.05,1.26,0.438606,6.44E+08
30/03/2024 22:02,117.19,20.8,28.1,0,7.35,21,1.26,0.438606,6.44E+08
30/03/2024 22:12,117.19,20.7,28,0,7.33,21.13,1.25,0.435125,6.39E+08
30/03/2024 22:22,117.19,20.7,27.8,0,7.35,21.09,1.24,0.431644,6.34E+08
30/03/2024 22:32,117.19,20.7,28.1,0,7.33,21.09,1.24,0.431644,6.34E+08
30/03/2024 22:42,117.19,20.7,27.9,0,7.32,21.22,1.23,0.428163,6.29E+08
30/03/2024 22:52,117.19,20.6,27.9,0,7.32,21.18,1.22,0.424682,6.24E+08
30/03/2024 23:02,117.19,20.6,28.1,0,7.31,21.09,1.2,0.41772,6.14E+08
30/03/2024 23:12,117.19,20.7,28,0,7.33,21.27,1.21,0.421201,6.19E+08
30/03/2024 23:22,118.75,20.7,27.9,0,7.32,21.18,1.19,0.414239,6.08E+08
30/03/2024 23:32,117.19,20.7,28.1,0,7.32,21.22,1.21,0.421201,6.19E+08
30/03/2024 23:42,118.75,20.7,27.9,0,7.32,21.27,1.19,0.414239,6.08E+08
30/03/2024 23:52,117.19,20.7,27.9,0,7.31,21.22,1.18,0.410758,6.03E+08
31/03/2024 00:02,117.19,20.6,28,0,7.31,21.27,1.17,0.407277,5.98E+08
31/03/2024 00:12,117.19,20.6,27.9,0,7.33,21.31,1.15,0.400315,5.88E+08
31/03/2024 00:22,117.19,20.6,27.8,0,7.33,21.27,1.16,0.403796,5.93E+08
31/03/2024 00:32,117.19,20.6,28,0,7.33,21.27,1.14,0.396834,5.83E+08
31/03/2024 00:42,117.19,20.5,28,0,7.33,21.31,1.14,0.396834,5.83E+08
31/03/2024 00:52,117.19,20.5,27.9,0,7.32,21.22,1.16,0.403796,5.93E+08
31/03/2024 01:02,117.19,20.5,28,0,7.31,21.27,1.15,0.400315,5.88E+08
31/03/2024 01:12,117.19,20.5,27.9,0,7.32,21.31,1.16,0.403796,5.93E+08
31/03/2024 01:22,117.19,20.5,27.9,0,7.3,21.31,1.13,0.393353,5.78E+08
31/03/2024 01:32,117.19,20.6,28.1,0,7.3,21.31,1.12,0.389872,5.73E+08
31/03/2024 01:42,117.19,20.6,27.8,0,7.29,21.27,1.12,0.389872,5.73E+08
31/03/2024 01:52,117.19,20.5,28.1,0,7.28,21.27,1.09,0.379429,5.57E+08
31/03/2024 03:02,117.19,20.5,28.1,0,7.29,21.22,1.09,0.379429,5.57E+08
31/03/2024 03:12,117.19,20.5,28.1,0,7.3,21.27,1.08,0.375948,5.52E+08
31/03/2024 03:22,117.19,20.4,27.9,0,7.32,21.31,1.09,0.379429,5.57E+08
31/03/2024 03:32,117.19,20.5,27.9,0,7.32,21.27,1.1,0.38291,5.62E+08
31/03/2024 03:42,117.19,20.4,28.1,0,7.33,21.31,1.12,0.389872,5.73E+08
31/03/2024 03:52,117.19,20.4,27.8,0,7.32,21.27,1.14,0.396834,5.83E+08
31/03/2024 04:02,117.19,20.5,28.1,0,7.33,21.27,1.14,0.396834,5.83E+08
31/03/2024 04:12,117.19,20.5,28.1,0,7.33,21.31,1.12,0.389872,5.73E+08
31/03/2024 04:22,117.19,20.5,27.9,0,7.32,22.44,1.14,0.396834,5.83E+08
31/03/2024 04:32,117.19,20.4,28.1,0,7.37,23.66,1.15,0.400315,5.88E+08
31/03/2024 04:42,117.19,20.5,28,2.5,7.36,24.74,1.14,0.396834,5.83E+08
31/03/2024 04:52,117.19,20.5,27.9,2.5,7.24,25.66,1.14,0.396834,5.83E+08
31/03/2024 05:02,117.19,20.4,28.1,5,7.33,26.57,1.11,0.386391,5.68E+08
31/03/2024 05:12,117.19,20.4,28,5,7.41,27.61,1.14,0.396834,5.83E+08
31/03/2024 05:22,117.19,20.5,27.8,7.5,7.28,28.4,1.15,0.400315,5.88E+08
31/03/2024 05:32,117.19,20.5,27.9,7.5,7.32,29.18,1.15,0.400315,5.88E+08
31/03/2024 05:42,117.19,20.5,27.9,10,7.31,30.05,1.17,0.407277,5.98E+08
31/03/2024 05:52,117.19,20.4,28,10,7.34,30.75,1.15,0.400315,5.88E+08
31/03/2024 06:02,117.19,20.4,27.9,10,6.92,31.35,1.17,0.407277,5.98E+08
31/03/2024 06:12,117.19,20.5,28,10,7.14,31.96,1.19,0.414239,6.08E+08
31/03/2024 06:22,117.19,20.5,28.1,10,7.33,32.22,1.21,0.421201,6.19E+08
31/03/2024 06:32,117.19,20.5,28,10,7.25,32.27,1.24,0.431644,6.34E+08
31/03/2024 06:42,117.19,20.5,27.9,10,7.34,32.35,1.25,0.435125,6.39E+08
31/03/2024 06:52,117.19,20.5,28.1,10,7.33,32.35,1.26,0.438606,6.44E+08
31/03/2024 07:02,117.19,20.4,28,10,7.36,32.31,1.27,0.442087,6.49E+08
31/03/2024 07:12,117.19,20.4,28,10,7.37,32.53,1.27,0.442087,6.49E+08
31/03/2024 07:22,117.19,20.3,28,10,7.25,32.53,1.29,0.449049,6.60E+08
31/03/2024 07:32,117.19,20.3,27.9,12.5,7.18,32.62,1.29,0.449049,6.60E+08
31/03/2024 07:42,117.19,20.3,27.9,10,7.36,32.62,1.3,0.45253,6.65E+08
31/03/2024 07:52,117.19,20.2,27.9,10,7.26,32.66,1.32,0.459492,6.75E+08
31/03/2024 08:02,117.19,20.3,28,10,7.27,32.57,1.33,0.462973,6.80E+08
31/03/2024 08:12,117.19,20.3,28.1,10,7.3,32.62,1.36,0.473416,6.95E+08
31/03/2024 08:22,117.19,20.3,28,10,7.32,32.66,1.37,0.476897,7.01E+08
31/03/2024 08:32,117.19,20.3,28,10,7.32,32.79,1.38,0.480378,7.06E+08
31/03/2024 08:42,117.19,20.3,27.9,10,7.32,32.79,1.37,0.476897,7.01E+08
31/03/2024 08:52,117.19,20.3,28,10,7.32,32.7,1.35,0.469935,6.90E+08
31/03/2024 09:02,117.19,20.3,28,10,7.23,32.57,1.38,0.480378,7.06E+08
31/03/2024 09:12,117.19,20.3,28,10,7.37,32.75,1.38,0.480378,7.06E+08
31/03/2024 09:22,117.19,20.4,28,10,7.24,32.75,1.42,0.494302,7.26E+08
31/03/2024 09:32,117.19,20.4,28,10,7.3,32.75,1.43,0.497783,7.31E+08
31/03/2024 09:42,117.19,20.4,27.8,10,7.36,32.75,1.44,0.501264,7.36E+08
31/03/2024 09:52,117.19,20.4,28.1,10,7.29,32.66,1.46,0.508226,7.47E+08
31/03/2024 10:02,117.19,20.4,28,10,7.38,32.62,1.45,0.504745,7.41E+08
31/03/2024 10:12,117.19,20.4,27.9,10,7.32,32.83,1.45,0.504745,7.41E+08
31/03/2024 10:22,117.19,20.4,28.1,10,7.27,32.66,1.49,0.518669,7.62E+08
31/03/2024 10:32,117.19,20.4,28.1,10,7.3,32.66,1.5,0.52215,7.67E+08
31/03/2024 10:42,117.19,20.5,28.1,10,7.32,32.66,1.48,0.515188,7.57E+08
31/03/2024 10:52,117.19,20.5,28,10,7.32,32.62,1.52,0.529112,7.77E+08
31/03/2024 11:02,117.19,20.5,28.1,10,7.39,32.53,1.49,0.518669,7.62E+08
31/03/2024 11:12,117.19,20.5,28,10,7.32,32.57,1.5,0.52215,7.67E+08
31/03/2024 11:22,117.19,20.6,28,10,7.16,32.75,1.51,0.525631,7.72E+08
31/03/2024 11:32,117.19,20.6,27.9,10,7.41,32.79,1.5,0.52215,7.67E+08
31/03/2024 11:42,117.19,20.6,27.9,10,7.32,32.79,1.51,0.525631,7.72E+08
31/03/2024 11:52,117.19,20.7,27.9,10,7.24,32.7,1.5,0.52215,7.67E+08
31/03/2024 12:02,117.19,20.7,28,12.5,7.09,32.7,1.48,0.515188,7.57E+08
31/03/2024 12:12,117.19,20.8,28,10,7.33,32.83,1.47,0.511707,7.52E+08
31/03/2024 12:22,117.19,20.9,28.1,10,7.31,32.75,1.45,0.504745,7.41E+08
31/03/2024 12:32,117.19,20.9,28,10,7.24,32.75,1.46,0.508226,7.47E+08
31/03/2024 12:42,117.19,21,27.9,10,7.39,32.7,1.47,0.511707,7.52E+08
31/03/2024 12:52,117.19,21,28.1,10,7.28,32.53,1.49,0.518669,7.62E+08
31/03/2024 13:02,117.19,21.1,28,10,7.19,32.4,1.5,0.52215,7.67E+08
31/03/2024 13:12,117.19,21.2,28,10,7.4,32.62,1.51,0.525631,7.72E+08
31/03/2024 13:22,117.19,21.2,27.8,10,7.33,32.66,1.53,0.532593,7.82E+08
31/03/2024 13:32,117.19,21.3,28.1,10,7.2,32.53,1.55,0.539555,7.93E+08
31/03/2024 13:42,117.19,21.3,28,12.5,7.38,32.62,1.6,0.55696,8.18E+08
31/03/2024 13:52,117.19,21.3,27.9,10,7.35,32.53,1.61,0.560441,8.23E+08
31/03/2024 14:02,117.19,21.3,28.1,12.5,7.07,32.31,1.65,0.574365,8.44E+08
31/03/2024 14:12,117.19,21.2,27.9,12.5,7.33,32.31,1.67,0.581327,8.54E+08
31/03/2024 14:22,117.19,21.1,27.9,10,7.31,32.44,1.67,0.581327,8.54E+08
31/03/2024 14:32,117.19,21.1,28,10,7.32,32.4,1.69,0.588289,8.64E+08
31/03/2024 14:42,117.19,21.2,28,10,7.3,32.4,1.7,0.59177,8.69E+08
31/03/2024 14:52,117.19,21.3,28,10,7.3,32.35,1.71,0.595251,8.74E+08
31/03/2024 15:02,117.19,21.3,28,10,7.18,32.22,1.72,0.598732,8.79E+08
31/03/2024 15:12,117.19,21.3,28.1,10,7.39,32.35,1.73,0.602213,8.85E+08
31/03/2024 15:22,117.19,21.4,28,12.5,7.27,32.31,1.73,0.602213,8.85E+08
31/03/2024 15:32,117.19,21.4,28,12.5,7.37,32.27,1.76,0.612656,9.00E+08
31/03/2024 15:42,117.19,21.4,28,10,7.35,32.31,1.79,0.623099,9.15E+08
31/03/2024 15:52,117.19,21.5,28,10,7.3,32.18,1.82,0.633542,9.31E+08
31/03/2024 16:02,117.19,21.5,27.9,10,7.27,32.09,1.84,0.640504,9.41E+08
31/03/2024 16:12,117.19,21.5,28,10,7.39,32.27,1.84,0.640504,9.41E+08
31/03/2024 16:22,118.75,21.5,28.1,10,7.37,32.18,1.88,0.654428,9.61E+08
31/03/2024 16:32,117.19,21.3,28.1,10,7.21,32.22,1.94,0.675314,9.92E+08
31/03/2024 16:42,117.19,21.4,27.9,12.5,7.42,32.22,1.93,0.671833,9.87E+08
31/03/2024 16:52,118.75,21.3,27.9,12.5,7.36,32.05,1.95,0.678795,9.97E+08
31/03/2024 17:02,118.75,21.3,28,12.5,6.88,31.75,1.96,0.682276,1.00E+09
31/03/2024 17:12,118.75,21.3,27.9,12.5,7.33,31.83,1.97,0.685757,1.01E+09
31/03/2024 17:22,118.75,21.3,27.9,12.5,7.38,32.05,2,0.6962,1.02E+09
31/03/2024 17:32,118.75,21.4,28,12.5,7.35,32.09,1.99,0.692719,1.02E+09
31/03/2024 17:42,118.75,21.4,28,12.5,7.29,32.09,2.02,0.703162,1.03E+09
31/03/2024 17:52,118.75,21.4,27.9,10,7.3,31.96,2.01,0.699681,1.03E+09
31/03/2024 18:02,117.19,21.4,28,12.5,7.4,31.92,2.01,0.699681,1.03E+09
31/03/2024 18:12,118.75,21.4,28,10,7.33,31.75,2.02,0.703162,1.03E+09
31/03/2024 18:22,117.19,21.4,28,10,7.28,31.27,2.04,0.710124,1.04E+09
31/03/2024 18:32,117.19,21.3,27.9,7.5,7.37,30.53,2.07,0.720567,1.06E+09
31/03/2024 18:42,117.19,21.3,27.9,7.5,7.32,29.7,2.08,0.724048,1.06E+09
31/03/2024 18:52,118.75,21.3,27.9,5,7.39,28.83,2.11,0.734491,1.08E+09
31/03/2024 19:02,117.19,21.3,28,5,6.99,27.88,2.21,0.769301,1.13E+09
31/03/2024 19:12,118.75,21.3,28,2.5,7.33,27.05,2.25,0.783225,1.15E+09
31/03/2024 19:22,117.19,21.3,28,2.5,7.39,26.27,2.32,0.807592,1.19E+09
31/03/2024 19:32,118.75,21.2,28.1,2.5,7.21,25.31,2.36,0.821516,1.21E+09
31/03/2024 19:42,118.75,21.1,28.1,0,7.3,24.4,2.32,0.807592,1.19E+09
31/03/2024 19:52,117.19,21.1,28.1,0,7.32,23.14,2.33,0.811073,1.19E+09
31/03/2024 20:02,117.19,21,28,0,7.32,21.35,2.36,0.821516,1.21E+09
31/03/2024 20:12,117.19,21.1,28.1,0,7.35,20.66,2.42,0.842402,1.24E+09
31/03/2024 20:22,118.75,21,28,0,7.34,20.53,2.47,0.859807,1.26E+09
31/03/2024 20:32,118.75,21,28,0,7.37,20.48,2.46,0.856326,1.26E+09
31/03/2024 20:42,118.75,21,27.9,0,7.38,20.48,2.49,0.866769,1.27E+09
31/03/2024 20:52,118.75,21,28.1,0,7.39,20.53,2.46,0.856326,1.26E+09
31/03/2024 21:02,117.19,21,28,0,7.39,20.53,2.45,0.852845,1.25E+09
31/03/2024 21:12,118.75,20.9,28,0,7.19,20.53,2.47,0.859807,1.26E+09
31/03/2024 21:22,118.75,20.9,28,0,7.12,20.57,2.46,0.856326,1.26E+09
31/03/2024 21:32,118.75,20.8,27.9,0,7.32,20.4,2.49,0.866769,1.27E+09
31/03/2024 21:42,117.19,20.8,28,0,7.18,20.48,2.51,0.873731,1.28E+09
31/03/2024 21:52,118.75,20.7,28.1,0,7.25,20.53,2.51,0.873731,1.28E+09
31/03/2024 22:02,118.75,20.7,27.9,0,6.86,20.18,2.52,0.877212,1.29E+09
31/03/2024 22:12,118.75,20.7,28,0,7.2,20.31,2.53,0.880693,1.29E+09
31/03/2024 22:22,117.19,20.7,27.9,0,7.34,20.61,2.55,0.887655,1.30E+09
31/03/2024 22:32,117.19,20.7,28,0,7.36,20.66,2.54,0.884174,1.30E+09
31/03/2024 22:42,117.19,20.7,28,0,7.38,20.74,2.53,0.880693,1.29E+09
31/03/2024 22:52,117.19,20.6,27.9,0,7.4,20.79,2.52,0.877212,1.29E+09
31/03/2024 23:02,117.19,20.7,27.8,0,7.1,20.74,2.5,0.87025,1.28E+09
31/03/2024 23:12,118.75,20.6,28,0,7.22,20.61,2.49,0.866769,1.27E+09
31/03/2024 23:22,118.75,20.6,28,0,7.3,20.74,2.48,0.863288,1.27E+09
31/03/2024 23:32,118.75,20.6,27.9,0,7.31,20.7,2.5,0.87025,1.28E+09
31/03/2024 23:42,118.75,20.5,27.9,0,7.31,20.7,2.5,0.87025,1.28E+09
31/03/2024 23:52,117.19,20.5,28.1,0,7.32,20.74,2.45,0.852845,1.25E+09
1/4/24 0:02,117.19,20.5,27.9,0,7.34,20.79,2.48,0.863288,1.27E+09
1/4/24 0:12,117.19,20.4,28.1,0,7.37,20.83,2.45,0.852845,1.25E+09
1/4/24 0:22,117.19,20.4,27.8,0,7.38,20.79,2.5,0.87025,1.28E+09
1/4/24 0:32,117.19,20.4,27.9,0,7.39,20.83,2.51,0.873731,1.28E+09
1/4/24 0:42,117.19,20.3,28.1,0,7.38,20.83,2.51,0.873731,1.28E+09
1/4/24 0:52,120.31,20.3,27.9,0,7.11,20.92,2.51,0.873731,1.28E+09
1/4/24 1:02,120.31,20.3,27.8,0,7.29,20.7,2.47,0.859807,1.26E+09
1/4/24 1:12,120.31,20.3,28,0,7.26,20.74,2.46,0.856326,1.26E+09
1/4/24 1:22,117.19,20.3,28,0,7.24,20.87,2.45,0.852845,1.25E+09
1/4/24 1:32,118.75,20.3,27.9,0,7.31,20.79,2.48,0.863288,1.27E+09
1/4/24 1:42,117.19,20.6,27.9,0,7.3,20.87,2.44,0.849364,1.25E+09
1/4/24 1:52,117.19,20.5,28.1,0,7.31,20.87,2.42,0.842402,1.24E+09
1/4/24 2:02,117.19,20.4,28,0,7.33,20.79,2.42,0.842402,1.24E+09
1/4/24 2:12,120.31,20.3,28.1,0,7.35,20.92,2.39,0.831959,1.22E+09
1/4/24 2:22,121.88,20.4,28,0,7.36,20.96,2.45,0.852845,1.25E+09
1/4/24 2:32,121.88,20.4,27.9,0,7.38,21,2.46,0.856326,1.26E+09
1/4/24 2:42,121.88,20.4,28,0,7.39,21,2.45,0.852845,1.25E+09
1/4/24 2:52,118.75,20.3,28.1,0,7.26,21,2.43,0.845883,1.24E+09
1/4/24 3:02,121.88,20.3,28.1,0,7.31,20.92,2.43,0.845883,1.24E+09
1/4/24 3:12,121.88,20.3,28.1,0,7.18,20.96,2.45,0.852845,1.25E+09
1/4/24 3:22,118.75,20,27.9,0,7.28,20.87,2.43,0.845883,1.24E+09
1/4/24 3:32,117.19,20.6,27.9,0,7.27,20.87,2.44,0.849364,1.25E+09
1/4/24 3:42,117.19,20.4,28.1,0,7.3,20.79,2.43,0.845883,1.24E+09
1/4/24 3:52,117.19,20.4,28,0,7.31,20.92,2.47,0.859807,1.26E+09
1/4/24 4:02,117.19,20.3,28,0,7.33,20.74,2.46,0.856326,1.26E+09
1/4/24 4:12,117.19,20.4,28,0,7.36,20.83,2.49,0.866769,1.27E+09
1/4/24 4:22,117.19,20.3,28.1,0,7.39,22.09,2.47,0.859807,1.26E+09
1/4/24 4:32,117.19,20.3,28,0,7.31,23.18,2.45,0.852845,1.25E+09
1/4/24 4:42,117.19,20.1,27.9,2.5,7.26,24.22,2.45,0.852845,1.25E+09
1/4/24 4:52,117.19,20.5,27.9,2.5,7.34,25.27,2.4,0.83544,1.23E+09
1/4/24 5:02,117.19,20.5,28,5,7.1,26.18,2.36,0.821516,1.21E+09
1/4/24 5:12,117.19,20.3,28.1,5,7.27,27.22,2.36,0.821516,1.21E+09
1/4/24 5:22,117.19,20.2,27.9,7.5,7.38,28.18,2.35,0.818035,1.20E+09
1/4/24 5:32,117.19,20.2,27.8,7.5,7.29,28.88,2.41,0.838921,1.23E+09
1/4/24 5:42,117.19,20,28,7.5,7.33,29.79,2.41,0.838921,1.23E+09
1/4/24 5:52,118.75,20.5,28.1,10,7.34,30.7,2.41,0.838921,1.23E+09
1/4/24 6:02,117.19,20.4,28,10,7.36,31.05,2.44,0.849364,1.25E+09
1/4/24 6:12,117.19,20.3,27.9,10,7.4,31.79,2.45,0.852845,1.25E+09
1/4/24 6:22,118.75,20.3,27.9,10,7.25,32.01,2.51,0.873731,1.28E+09
1/4/24 6:32,118.75,20.3,27.9,10,7.22,32.09,2.48,0.863288,1.27E+09
1/4/24 6:42,118.75,20.3,27.9,10,7.36,32.18,2.45,0.852845,1.25E+09
1/4/24 6:52,117.19,20.5,28,10,7.34,32.09,2.44,0.849364,1.25E+09
1/4/24 7:02,117.19,20.5,28.1,10,7.11,32.01,2.42,0.842402,1.24E+09
1/4/24 7:12,117.19,20.4,27.9,10,7.33,32.18,2.43,0.845883,1.24E+09
1/4/24 7:22,117.19,20.3,27.9,10,7.28,32.22,2.42,0.842402,1.24E+09
1/4/24 7:32,117.19,20.2,28,10,7.41,32.22,2.43,0.845883,1.24E+09
1/4/24 7:42,117.19,20.4,28,10,7.37,32.31,2.43,0.845883,1.24E+09
1/4/24 7:52,117.19,20.5,28,10,7.3,32.31,2.42,0.842402,1.24E+09
1/4/24 8:02,117.19,20.5,28,10,7.36,32.18,2.48,0.863288,1.27E+09
1/4/24 8:12,117.19,20.4,27.9,10,7.27,32.27,2.53,0.880693,1.29E+09
1/4/24 8:22,117.19,20.4,27.9,10,7.15,32.4,2.56,0.891136,1.31E+09
1/4/24 8:32,117.19,20.4,27.9,10,7.35,32.31,2.57,0.894617,1.31E+09
1/4/24 8:42,117.19,20.4,28,10,7.34,32.31,2.59,0.901579,1.32E+09
1/4/24 8:52,117.19,20.3,27.9,10,7.35,32.53,2.59,0.901579,1.32E+09
1/4/24 9:02,117.19,20.3,28.1,10,6.87,31.53,2.58,0.898098,1.32E+09
1/4/24 9:12,120.31,20.3,27.9,10,7.29,32.05,2.59,0.901579,1.32E+09
1/4/24 9:22,117.19,20.3,27.9,10,7.37,32.4,2.62,0.912022,1.34E+09
1/4/24 9:32,117.19,20.4,28,10,7.36,32.4,2.66,0.925946,1.36E+09
1/4/24 9:42,118.75,20.4,28.1,10,7.33,32.35,2.69,0.936389,1.38E+09
1/4/24 9:52,117.19,20.4,27.9,10,7.38,32.53,2.74,0.953794,1.40E+09
1/4/24 10:02,117.19,20.4,27.9,10,6.82,31.88,2.73,0.950313,1.40E+09
1/4/24 10:12,121.88,20.5,28.2,10,7.31,32.22,2.79,0.971199,1.43E+09
1/4/24 10:22,117.19,20.4,28,10,7.35,32.4,2.81,0.978161,1.44E+09
1/4/24 10:32,117.19,20.4,28,10,7.33,32.4,2.86,0.995566,1.46E+09
1/4/24 10:42,117.19,20.4,28.1,10,7.36,32.4,2.88,1.002528,1.47E+09
1/4/24 10:52,118.75,20.4,28.1,10,7.39,32.31,2.9,1.00949,1.48E+09
1/4/24 11:02,118.75,20.4,28,10,6.89,31.96,2.95,1.026895,1.51E+09
1/4/24 11:12,118.75,20.5,27.9,10,7.35,32.22,2.97,1.033857,1.52E+09
1/4/24 11:22,118.75,20.6,27.9,10,7.29,32.31,3.01,1.047781,1.54E+09
1/4/24 11:32,117.19,20.5,27.9,10,7.39,32.4,3.01,1.047781,1.54E+09
1/4/24 11:42,117.19,20.5,27.9,10,7.34,32.31,2.99,1.040819,1.53E+09
1/4/24 11:52,117.19,20.6,28,10,7.36,32.22,2.95,1.026895,1.51E+09
1/4/24 12:02,117.19,20.5,28,10,7.39,32.01,2.95,1.026895,1.51E+09
1/4/24 12:12,117.19,20.5,28,10,7.37,32.14,2.96,1.030376,1.51E+09
1/4/24 12:22,118.75,20.5,28.1,10,7.29,32.22,2.99,1.040819,1.53E+09
1/4/24 12:32,118.75,20.5,28,10,7.37,32.4,3.02,1.051262,1.54E+09
1/4/24 12:42,120.31,20.6,27.9,10,7.28,32.22,3.03,1.054743,1.55E+09
1/4/24 12:52,117.19,20.6,28,10,7.2,32.22,2.99,1.040819,1.53E+09
1/4/24 13:02,117.19,20.6,28.1,10,7.39,31.92,3.05,1.061705,1.56E+09
1/4/24 13:12,117.19,20.6,27.9,10,7.27,32.05,3.05,1.061705,1.56E+09
1/4/24 13:22,117.19,20.7,28,10,7.16,32.14,3.07,1.068667,1.57E+09
1/4/24 13:32,118.75,20.7,28,10,7.34,32.09,3.12,1.086072,1.60E+09
1/4/24 13:42,118.75,20.8,28,10,7.35,32.09,3.09,1.075629,1.58E+09
1/4/24 13:52,118.75,20.8,27.9,10,7.29,32.01,3.11,1.082591,1.59E+09
1/4/24 14:02,118.75,20.9,28,10,7.28,31.75,3.15,1.096515,1.61E+09
1/4/24 14:12,117.19,20.9,28,10,7.31,31.92,3.19,1.110439,1.63E+09
1/4/24 14:22,118.75,20.9,28.1,10,7.34,32.01,3.26,1.134806,1.67E+09
1/4/24 14:32,120.31,20.9,28.1,10,7.2,31.92,3.26,1.134806,1.67E+09
1/4/24 14:42,121.88,20.9,28,10,7.39,32.05,3.28,1.141768,1.68E+09
1/4/24 14:52,120.31,20.9,28.2,10,7.3,31.88,3.27,1.138287,1.67E+09
1/4/24 15:02,120.31,21,28.1,10,6.99,31.66,3.3,1.14873,1.69E+09
1/4/24 15:12,125,21,28,10,7.3,31.7,3.33,1.159173,1.70E+09
1/4/24 15:22,120.31,21,28,10,7.27,31.83,3.37,1.173097,1.72E+09
1/4/24 15:32,118.75,21.1,27.9,12.5,7.34,31.92,3.39,1.180059,1.73E+09
1/4/24 15:42,120.31,21.1,28,10,7.34,31.92,3.33,1.159173,1.70E+09
1/4/24 15:52,123.44,21.1,28,10,7.26,31.83,3.35,1.166135,1.71E+09
1/4/24 16:02,120.31,21.2,28,10,7.37,31.57,3.39,1.180059,1.73E+09
1/4/24 16:12,118.75,21.2,28,10,7.31,31.75,3.39,1.180059,1.73E+09
1/4/24 16:22,120.31,21.1,28.1,10,7.13,31.79,3.5,1.21835,1.79E+09
1/4/24 16:32,120.31,21.1,28.1,10,7.33,31.7,3.52,1.225312,1.80E+09
1/4/24 16:42,120.31,21.2,28,10,7.21,31.75,3.49,1.214869,1.78E+09
1/4/24 16:52,120.31,21.2,28,10,7.38,31.83,3.55,1.235755,1.82E+09
1/4/24 17:02,118.75,21.3,28,10,7.38,31.48,3.55,1.235755,1.82E+09
1/4/24 17:12,120.31,21.3,27.9,10,7.35,31.62,3.56,1.239236,1.82E+09
1/4/24 17:22,120.31,21.3,27.9,10,7.23,31.79,3.58,1.246198,1.83E+09
1/4/24 17:32,121.88,21.3,28,10,7.37,31.57,3.57,1.242717,1.83E+09
1/4/24 17:42,121.88,21.3,28,10,7.36,31.79,3.57,1.242717,1.83E+09
1/4/24 17:52,120.31,21.3,27.9,10,7.32,31.66,3.62,1.260122,1.85E+09
1/4/24 18:02,118.75,21.3,28,10,7.4,31.48,3.68,1.281008,1.88E+09
1/4/24 18:12,121.88,21.3,27.9,10,7.33,31.4,3.71,1.291451,1.90E+09
1/4/24 18:22,123.44,21.4,27.9,10,7.29,30.88,3.75,1.305375,1.92E+09
1/4/24 18:32,120.31,21.4,28,7.5,7.38,30.31,3.75,1.305375,1.92E+09
1/4/24 18:42,118.75,21.3,27.9,7.5,7.36,29.4,3.79,1.319299,1.94E+09
1/4/24 18:52,120.31,21.3,28,5,7.39,28.75,3.79,1.319299,1.94E+09
1/4/24 19:02,120.31,21.3,27.9,5,6.87,27.44,3.73,1.298413,1.91E+09
1/4/24 19:12,120.31,21.3,28,5,7.32,26.66,3.72,1.294932,1.90E+09
1/4/24 19:22,121.88,21.3,28,2.5,7.33,26.05,3.73,1.298413,1.91E+09
1/4/24 19:32,120.31,21.3,28,2.5,7.17,25.22,3.72,1.294932,1.90E+09
1/4/24 19:42,120.31,21.3,28.1,0,7.32,24.09,3.76,1.308856,1.92E+09
1/4/24 19:52,118.75,21.3,28.1,0,7.32,22.87,3.72,1.294932,1.90E+09
1/4/24 20:02,121.88,21.2,28,0,7.33,21.09,3.73,1.298413,1.91E+09
1/4/24 20:12,117.19,21.2,27.9,0,7.39,20.57,3.76,1.308856,1.92E+09
1/4/24 20:22,121.88,21.2,27.9,0,7.27,20.44,3.76,1.308856,1.92E+09
1/4/24 20:32,118.75,21.2,27.9,0,7.24,20.27,3.8,1.32278,1.94E+09
1/4/24 20:42,121.88,21.2,27.8,0,7.26,20.31,3.77,1.312337,1.93E+09
1/4/24 20:52,120.31,21.1,27.8,0,7.34,20.35,3.79,1.319299,1.94E+09
1/4/24 21:02,117.19,21.1,28,0,7.35,20.4,3.76,1.308856,1.92E+09
1/4/24 21:12,118.75,21.1,28,0,7.38,20.4,3.77,1.312337,1.93E+09
1/4/24 21:22,118.75,21,28,0,7.3,20.48,3.79,1.319299,1.94E+09
1/4/24 21:32,121.88,21,28,0,7.35,20.35,3.75,1.305375,1.92E+09
1/4/24 21:42,121.88,20.9,28,0,7.3,20.35,3.75,1.305375,1.92E+09
1/4/24 21:52,120.31,21,28.1,0,7.26,20.4,3.75,1.305375,1.92E+09
1/4/24 22:02,121.88,20.9,28,0,7.33,20.48,3.73,1.298413,1.91E+09
1/4/24 22:12,121.88,20.9,28.1,0,7.36,20.57,3.71,1.291451,1.90E+09
1/4/24 22:22,118.75,20.8,28.1,0,7.39,20.57,3.76,1.308856,1.92E+09
1/4/24 22:32,120.31,20.8,28,0,7.3,20.53,3.72,1.294932,1.90E+09
1/4/24 22:42,118.75,20.8,27.9,0,7.31,20.48,3.73,1.298413,1.91E+09
1/4/24 22:52,118.75,20.8,27.9,0,7.32,20.57,3.71,1.291451,1.90E+09
1/4/24 23:02,118.75,20.8,27.9,0,7.34,20.53,3.68,1.281008,1.88E+09
1/4/24 23:12,117.19,20.8,27.9,0,7.37,20.57,3.69,1.284489,1.89E+09
1/4/24 23:22,117.19,20.8,27.9,0,7.16,20.61,3.69,1.284489,1.89E+09
1/4/24 23:32,118.75,20.8,28.1,0,7.2,20.53,3.72,1.294932,1.90E+09
1/4/24 23:42,118.75,20.7,27.9,0,7.32,20.57,3.71,1.291451,1.90E+09